{
    "cities": [
        [
            93.464198967083, 
            73.42608962915695
        ], 
        [
            97.66873687477583, 
            96.15290444834007
        ], 
        [
            81.55456815169319, 
            6.777000137899658
        ], 
        [
            2.339949005067954, 
            89.9459926785275
        ], 
        [
            62.356157736720384, 
            84.84433711910462
        ], 
        [
            19.107424894396672, 
            91.95714194894585
        ], 
        [
            28.930169548471486, 
            35.44620320121703
        ], 
        [
            52.1898957986004, 
            50.330499868826614
        ], 
        [
            31.753614627988348, 
            81.24058699989186
        ], 
        [
            36.34847603926682, 
            26.08205557765
        ], 
        [
            16.247499279049638, 
            25.97770372753605
        ], 
        [
            73.99202722230801, 
            40.53114541820215
        ]
    ], 
    "distances": {
        "0": {
            "1": 23.112469596360047, 
            "2": 67.70480364178383, 
            "3": 92.60958982686621, 
            "4": 33.13738983281026, 
            "5": 76.63112781745595, 
            "6": 74.88065655482349, 
            "7": 47.2966633962829, 
            "8": 62.20339692195062, 
            "9": 74.18667916706688, 
            "10": 90.62984075557601, 
            "11": 38.22620602544597
        }, 
        "1": {
            "0": 23.112469596360047, 
            "2": 90.81695163869449, 
            "3": 95.53064194501155, 
            "4": 37.079130793767, 
            "5": 78.67327476996104, 
            "6": 91.70765624734025, 
            "7": 64.56018701243543, 
            "8": 67.58091855318506, 
            "9": 93.11336236219778, 
            "10": 107.48942612101355, 
            "11": 60.45135778106222
        }, 
        "2": {
            "0": 67.70480364178383, 
            "1": 90.81695163869449, 
            "3": 114.85659409353863, 
            "4": 80.39333346614474, 
            "5": 105.61866435411524, 
            "6": 59.92704341644504, 
            "7": 52.52800511361864, 
            "8": 89.58214520887333, 
            "9": 49.155629683781, 
            "10": 68.07114119120735, 
            "11": 34.590957617741566
        }, 
        "3": {
            "0": 92.60958982686621, 
            "1": 95.53064194501155, 
            "2": 114.85659409353863, 
            "4": 60.23265061383455, 
            "5": 16.88765730014451, 
            "6": 60.64047230701621, 
            "7": 63.67420565561442, 
            "8": 30.674872671399804, 
            "9": 72.35456014005388, 
            "10": 65.462675976016, 
            "11": 87.03934422208597
        }, 
        "4": {
            "0": 33.13738983281026, 
            "1": 37.079130793767, 
            "2": 80.39333346614474, 
            "3": 60.23265061383455, 
            "5": 43.82972604311031, 
            "6": 59.644549800719524, 
            "7": 35.97996447376158, 
            "8": 30.814001032704738, 
            "9": 64.26044848297622, 
            "10": 74.77492167580965, 
            "11": 45.81541680926368
        }, 
        "5": {
            "0": 76.63112781745595, 
            "1": 78.67327476996104, 
            "2": 105.61866435411524, 
            "3": 16.88765730014451, 
            "4": 43.82972604311031, 
            "6": 57.358281971208946, 
            "7": 53.171676783733645, 
            "8": 16.576207791714396, 
            "9": 68.0939119819512, 
            "10": 66.04139188825559, 
            "11": 75.21271629101713
        }, 
        "6": {
            "0": 74.88065655482349, 
            "1": 91.70765624734025, 
            "2": 59.92704341644504, 
            "3": 60.64047230701621, 
            "4": 59.644549800719524, 
            "5": 57.358281971208946, 
            "7": 27.614437392790567, 
            "8": 45.88134075653609, 
            "9": 11.946486174073625, 
            "10": 15.82727416348039, 
            "11": 45.34785170619638
        }, 
        "7": {
            "0": 47.2966633962829, 
            "1": 64.56018701243543, 
            "2": 52.52800511361864, 
            "3": 63.67420565561442, 
            "4": 35.97996447376158, 
            "5": 53.171676783733645, 
            "6": 27.614437392790567, 
            "8": 37.055027655290694, 
            "9": 28.964420079361165, 
            "10": 43.415602580960126, 
            "11": 23.903143773687848
        }, 
        "8": {
            "0": 62.20339692195062, 
            "1": 67.58091855318506, 
            "2": 89.58214520887333, 
            "3": 30.674872671399804, 
            "4": 30.814001032704738, 
            "5": 16.576207791714396, 
            "6": 45.88134075653609, 
            "7": 37.055027655290694, 
            "9": 55.349583016020084, 
            "10": 57.39708948011751, 
            "11": 58.66295366226448
        }, 
        "9": {
            "0": 74.18667916706688, 
            "1": 93.11336236219778, 
            "2": 49.155629683781, 
            "3": 72.35456014005388, 
            "4": 64.26044848297622, 
            "5": 68.0939119819512, 
            "6": 11.946486174073625, 
            "7": 28.964420079361165, 
            "8": 55.349583016020084, 
            "10": 20.101247623553455, 
            "11": 40.32137327634798
        }, 
        "10": {
            "0": 90.62984075557601, 
            "1": 107.48942612101355, 
            "2": 68.07114119120735, 
            "3": 65.462675976016, 
            "4": 74.77492167580965, 
            "5": 66.04139188825559, 
            "6": 15.82727416348039, 
            "7": 43.415602580960126, 
            "8": 57.39708948011751, 
            "9": 20.101247623553455, 
            "11": 59.55025753456794
        }, 
        "11": {
            "0": 38.22620602544597, 
            "1": 60.45135778106222, 
            "2": 34.590957617741566, 
            "3": 87.03934422208597, 
            "4": 45.81541680926368, 
            "5": 75.21271629101713, 
            "6": 45.34785170619638, 
            "7": 23.903143773687848, 
            "8": 58.66295366226448, 
            "9": 40.32137327634798, 
            "10": 59.55025753456794
        }
    }, 
    "name": "12 randomly located towns.", 
    "optimal_path": [
        11, 
        0, 
        1, 
        4, 
        8, 
        5, 
        3, 
        10, 
        6, 
        9, 
        7, 
        2
    ]
}