{
    "cities": [
        [
            61.23850339205744, 
            84.87329380321833
        ], 
        [
            75.61081046814789, 
            21.56663427661415
        ], 
        [
            94.98345253539928, 
            63.437382641734054
        ], 
        [
            65.0805865966553, 
            75.70825137383372
        ], 
        [
            55.72978680487264, 
            81.60275707636629
        ], 
        [
            55.13593038422072, 
            38.80052675198673
        ]
    ], 
    "distances": {
        "0": {
            "1": 64.91761202560383, 
            "2": 39.97774230756126, 
            "3": 9.93778677993612, 
            "4": 6.406431839925641, 
            "5": 46.47516821995408
        }, 
        "1": {
            "0": 64.91761202560383, 
            "2": 46.13522330412013, 
            "3": 55.156144867872065, 
            "4": 63.242320820212065, 
            "5": 26.762431957949953
        }, 
        "2": {
            "0": 39.97774230756126, 
            "1": 46.13522330412013, 
            "3": 32.32267951131089, 
            "4": 43.25310510974111, 
            "5": 46.84868930632791
        }, 
        "3": {
            "0": 9.93778677993612, 
            "1": 55.156144867872065, 
            "2": 32.32267951131089, 
            "4": 11.053626292904584, 
            "5": 38.224028096808475
        }, 
        "4": {
            "0": 6.406431839925641, 
            "1": 63.242320820212065, 
            "2": 43.25310510974111, 
            "3": 11.053626292904584, 
            "5": 42.80634983492036
        }, 
        "5": {
            "0": 46.47516821995408, 
            "1": 26.762431957949953, 
            "2": 46.84868930632791, 
            "3": 38.224028096808475, 
            "4": 42.80634983492036
        }
    }, 
    "name": "6 randomly located towns.", 
    "optimal_path": [
        0, 
        4, 
        5, 
        1, 
        2, 
        3
    ]
}