{
    "cities": [
        [
            40.33851305271262, 
            0.858536313466185
        ], 
        [
            46.735051091554155, 
            80.02638742844833
        ], 
        [
            87.29988458130694, 
            63.20056743643978
        ], 
        [
            56.86171801096644, 
            61.08991115641519
        ]
    ], 
    "distances": {
        "0": {
            "1": 79.42584182145208, 
            "2": 78.05061985906632, 
            "3": 62.45666351610767
        }, 
        "1": {
            "0": 79.42584182145208, 
            "2": 43.91598723078924, 
            "3": 21.474159273368382
        }, 
        "2": {
            "0": 78.05061985906632, 
            "1": 43.91598723078924, 
            "3": 30.51125782553386
        }, 
        "3": {
            "0": 62.45666351610767, 
            "1": 21.474159273368382, 
            "2": 30.51125782553386
        }
    }, 
    "name": "4 randomly located towns.", 
    "optimal_path": [
        0, 
        2, 
        1, 
        3
    ]
}