{
    "cities": [
        [
            5.12253982348303, 
            41.44755958626789
        ], 
        [
            98.3727690091304, 
            24.883381830575992
        ], 
        [
            33.6655206407673, 
            68.42792922496251
        ], 
        [
            59.777343134910076, 
            74.32054215272879
        ], 
        [
            28.251136427472133, 
            52.74262655789259
        ], 
        [
            6.934336435610399, 
            54.154469666990416
        ], 
        [
            3.62580886088667, 
            36.323218465680384
        ], 
        [
            87.44597680306273, 
            77.72071581033688
        ], 
        [
            62.637000057416905, 
            82.42785929501981
        ], 
        [
            87.48488385576607, 
            23.198520942069745
        ], 
        [
            25.367911503141183, 
            97.25383128650769
        ], 
        [
            99.96504747132093, 
            96.37711552191007
        ], 
        [
            0.015116875380083439, 
            9.234051875083338
        ]
    ], 
    "distances": {
        "0": {
            "1": 94.70996372028614, 
            "2": 39.27648278265828, 
            "3": 63.77915417928979, 
            "4": 25.739279686182815, 
            "5": 12.835426395850037, 
            "6": 5.338452537443662, 
            "7": 89.96049209840143, 
            "8": 70.62080500971292, 
            "9": 84.35984308857851, 
            "10": 59.36509947375216, 
            "11": 109.60090041699947, 
            "12": 32.615883373432574
        }, 
        "1": {
            "0": 94.70996372028614, 
            "2": 77.99458698645056, 
            "3": 62.718734993067855, 
            "4": 75.4531700639118, 
            "5": 96.00928879347691, 
            "6": 95.43508956128642, 
            "7": 53.95533940217016, 
            "8": 67.7378186039832, 
            "9": 11.01747699459678, 
            "10": 102.7968441827051, 
            "11": 71.51146277226158, 
            "12": 99.59482547461849
        }, 
        "2": {
            "0": 39.27648278265828, 
            "1": 77.99458698645056, 
            "3": 26.76845458897654, 
            "4": 16.59350102198962, 
            "5": 30.303264787198998, 
            "6": 43.96699599421667, 
            "7": 54.57740693314309, 
            "8": 32.176772081050125, 
            "9": 70.30094757888098, 
            "10": 29.996382232906203, 
            "11": 71.94987333287517, 
            "12": 68.09012255302618
        }, 
        "3": {
            "0": 63.77915417928979, 
            "1": 62.718734993067855, 
            "2": 26.76845458897654, 
            "4": 38.20350966570978, 
            "5": 56.56017889400886, 
            "6": 67.79964165617068, 
            "7": 27.87677294746153, 
            "8": 8.596873208331452, 
            "9": 58.14781909462268, 
            "10": 41.35147803543278, 
            "11": 45.84260036931644, 
            "12": 88.36161442706495
        }, 
        "4": {
            "0": 25.739279686182815, 
            "1": 75.4531700639118, 
            "2": 16.59350102198962, 
            "3": 38.20350966570978, 
            "5": 21.36350305679627, 
            "6": 29.597360015045894, 
            "7": 64.24900053537584, 
            "8": 45.42687156556754, 
            "9": 66.19283202158535, 
            "10": 44.60448780511856, 
            "11": 83.94553987172887, 
            "12": 51.86780187241131
        }, 
        "5": {
            "0": 12.835426395850037, 
            "1": 96.00928879347691, 
            "2": 30.303264787198998, 
            "3": 56.56017889400886, 
            "4": 21.36350305679627, 
            "6": 18.13559687787881, 
            "7": 83.88976214024433, 
            "8": 62.46736184298555, 
            "9": 86.29404064677158, 
            "10": 46.87591771667208, 
            "11": 102.16391250730287, 
            "12": 45.45018739149659
        }, 
        "6": {
            "0": 5.338452537443662, 
            "1": 95.43508956128642, 
            "2": 43.96699599421667, 
            "3": 67.79964165617068, 
            "4": 29.597360015045894, 
            "5": 18.13559687787881, 
            "7": 93.48568521573473, 
            "8": 74.88630443836736, 
            "9": 84.87992780441722, 
            "10": 64.693574688897, 
            "11": 113.52409192624454, 
            "12": 27.328740241498885
        }, 
        "7": {
            "0": 89.96049209840143, 
            "1": 53.95533940217016, 
            "2": 54.57740693314309, 
            "3": 27.87677294746153, 
            "4": 64.24900053537584, 
            "5": 83.88976214024433, 
            "6": 93.48568521573473, 
            "8": 25.25158464238212, 
            "9": 54.52220875030693, 
            "10": 65.07863544656378, 
            "11": 22.467496090904984, 
            "12": 111.06114714279887
        }, 
        "8": {
            "0": 70.62080500971292, 
            "1": 67.7378186039832, 
            "2": 32.176772081050125, 
            "3": 8.596873208331452, 
            "4": 45.42687156556754, 
            "5": 62.46736184298555, 
            "6": 74.88630443836736, 
            "7": 25.25158464238212, 
            "9": 64.23030321417224, 
            "10": 40.10977944540245, 
            "11": 39.84927694473393, 
            "12": 96.3267029327352
        }, 
        "9": {
            "0": 84.35984308857851, 
            "1": 11.01747699459678, 
            "2": 70.30094757888098, 
            "3": 58.14781909462268, 
            "4": 66.19283202158535, 
            "5": 86.29404064677158, 
            "6": 84.87992780441722, 
            "7": 54.52220875030693, 
            "8": 64.23030321417224, 
            "10": 96.65768073188897, 
            "11": 74.23517487385381, 
            "12": 88.57746063150513
        }, 
        "10": {
            "0": 59.36509947375216, 
            "1": 102.7968441827051, 
            "2": 29.996382232906203, 
            "3": 41.35147803543278, 
            "4": 44.60448780511856, 
            "5": 46.87591771667208, 
            "6": 64.693574688897, 
            "7": 65.07863544656378, 
            "8": 40.10977944540245, 
            "9": 96.65768073188897, 
            "11": 74.60228766724912, 
            "12": 91.59828471687247
        }, 
        "11": {
            "0": 109.60090041699947, 
            "1": 71.51146277226158, 
            "2": 71.94987333287517, 
            "3": 45.84260036931644, 
            "4": 83.94553987172887, 
            "5": 102.16391250730287, 
            "6": 113.52409192624454, 
            "7": 22.467496090904984, 
            "8": 39.84927694473393, 
            "9": 74.23517487385381, 
            "10": 74.60228766724912, 
            "12": 132.60430674713504
        }, 
        "12": {
            "0": 32.615883373432574, 
            "1": 99.59482547461849, 
            "2": 68.09012255302618, 
            "3": 88.36161442706495, 
            "4": 51.86780187241131, 
            "5": 45.45018739149659, 
            "6": 27.328740241498885, 
            "7": 111.06114714279887, 
            "8": 96.3267029327352, 
            "9": 88.57746063150513, 
            "10": 91.59828471687247, 
            "11": 132.60430674713504
        }
    }, 
    "name": "13 randomly located towns.",
    "optimal_path": [4, 5, 0, 6, 12, 9, 1, 7, 11, 8, 3, 10, 2]
}