{
    "cities": [
        [
            13.805152032279612, 
            35.082659297440756
        ], 
        [
            38.13152520957823, 
            25.209041746780926
        ], 
        [
            26.81004619465416, 
            12.945142025757072
        ], 
        [
            75.80599755550126, 
            38.51731721916561
        ], 
        [
            21.12131920976832, 
            21.926653377256134
        ], 
        [
            14.911000044723677, 
            84.00810499847854
        ], 
        [
            50.81537415477945, 
            56.4862571745027
        ], 
        [
            46.18339441475705, 
            40.416189619242395
        ], 
        [
            10.533457171356787, 
            24.284099836894935
        ], 
        [
            14.820176335734036, 
            71.4272287667058
        ]
    ], 
    "distances": {
        "0": {
            "1": 26.253776023610232, 
            "2": 25.67483092697315, 
            "3": 62.095907438684414, 
            "4": 15.053464516213399, 
            "5": 48.937941690183735, 
            "6": 42.75360269778147, 
            "7": 32.81458708367417, 
            "8": 11.283300655656237, 
            "9": 36.358740410564764
        }, 
        "1": {
            "0": 26.253776023610232, 
            "2": 16.690689723696114, 
            "3": 39.95592650149156, 
            "4": 17.324005932934814, 
            "5": 63.21805618815546, 
            "6": 33.751210777938006, 
            "7": 17.207264283209476, 
            "8": 27.613563279282946, 
            "9": 51.76427144012391
        }, 
        "2": {
            "0": 25.67483092697315, 
            "1": 16.690689723696114, 
            "3": 55.26788754671988, 
            "4": 10.631517336000297, 
            "5": 72.05228661007614, 
            "6": 49.72006113099117, 
            "7": 33.61525066306809, 
            "8": 19.836817145804638, 
            "9": 59.6985045776667
        }, 
        "3": {
            "0": 62.095907438684414, 
            "1": 39.95592650149156, 
            "2": 55.26788754671988, 
            "4": 57.145989994850176, 
            "5": 76.01060777694187, 
            "6": 30.78009196014876, 
            "7": 29.683401645124874, 
            "8": 66.80635452747548, 
            "9": 69.29886483858397
        }, 
        "4": {
            "0": 15.053464516213399, 
            "1": 17.324005932934814, 
            "2": 10.631517336000297, 
            "3": 57.145989994850176, 
            "5": 62.39130307606902, 
            "6": 45.56427453279596, 
            "7": 31.14435043509873, 
            "8": 10.847136781404554, 
            "9": 49.900013681416794
        }, 
        "5": {
            "0": 48.937941690183735, 
            "1": 63.21805618815546, 
            "2": 72.05228661007614, 
            "3": 76.01060777694187, 
            "4": 62.39130307606902, 
            "6": 45.23910021077925, 
            "7": 53.64902362639399, 
            "8": 59.884218907396885, 
            "9": 12.581204064210194
        }, 
        "6": {
            "0": 42.75360269778147, 
            "1": 33.751210777938006, 
            "2": 49.72006113099117, 
            "3": 30.78009196014876, 
            "4": 45.56427453279596, 
            "5": 45.23910021077925, 
            "7": 16.72430290154444, 
            "8": 51.57142399677752, 
            "9": 38.972899534820755
        }, 
        "7": {
            "0": 32.81458708367417, 
            "1": 17.207264283209476, 
            "2": 33.61525066306809, 
            "3": 29.683401645124874, 
            "4": 31.14435043509873, 
            "5": 53.64902362639399, 
            "6": 16.72430290154444, 
            "8": 39.13006959109703, 
            "9": 44.10596328477436
        }, 
        "8": {
            "0": 11.283300655656237, 
            "1": 27.613563279282946, 
            "2": 19.836817145804638, 
            "3": 66.80635452747548, 
            "4": 10.847136781404554, 
            "5": 59.884218907396885, 
            "6": 51.57142399677752, 
            "7": 39.13006959109703, 
            "9": 47.33762316051587
        }, 
        "9": {
            "0": 36.358740410564764, 
            "1": 51.76427144012391, 
            "2": 59.6985045776667, 
            "3": 69.29886483858397, 
            "4": 49.900013681416794, 
            "5": 12.581204064210194, 
            "6": 38.972899534820755, 
            "7": 44.10596328477436, 
            "8": 47.33762316051587
        }
    }, 
    "name": "10 randomly located towns.", 
    "optimal_path": [
        0, 
        9, 
        5, 
        6, 
        3, 
        7, 
        1, 
        2, 
        4, 
        8
    ]
}