{
    "cities": [
        [
            58.66754420744512, 
            86.51541213725163
        ], 
        [
            27.89726229606596, 
            46.047863849411506
        ], 
        [
            0.6120025635979909, 
            76.33293893653278
        ], 
        [
            38.64170440619796, 
            53.82494191658923
        ], 
        [
            85.21028890055494, 
            23.216258440321823
        ], 
        [
            85.48174444887316, 
            64.83315466768443
        ], 
        [
            99.89514705144742, 
            45.854295646577334
        ], 
        [
            9.266834682071467, 
            61.15324433263927
        ], 
        [
            71.43795643523815, 
            23.910930951150767
        ]
    ], 
    "distances": {
        "0": {
            "1": 50.83731614999379, 
            "2": 58.941739676088844, 
            "3": 38.33668090736638, 
            "4": 68.63891137387853, 
            "5": 34.48364284068611, 
            "6": 57.90545423818875, 
            "7": 55.53079917811069, 
            "8": 63.89369681782877
        }, 
        "1": {
            "0": 50.83731614999379, 
            "2": 40.763601063949345, 
            "3": 13.263709116267387, 
            "4": 61.6933158788149, 
            "5": 60.57111304849911, 
            "6": 71.99814496150813, 
            "7": 23.98468996304448, 
            "8": 48.84501862281395
        }, 
        "2": {
            "0": 58.941739676088844, 
            "1": 40.763601063949345, 
            "3": 44.19126782619887, 
            "4": 99.89119980301726, 
            "5": 85.64530416726465, 
            "6": 103.85610466501973, 
            "7": 17.473672975835218, 
            "8": 88.11573448055208
        }, 
        "3": {
            "0": 38.33668090736638, 
            "1": 13.263709116267387, 
            "2": 44.19126782619887, 
            "4": 55.72723361121016, 
            "5": 48.11621451416134, 
            "6": 61.769858651744705, 
            "7": 30.275187656073875, 
            "8": 44.389663202064234
        }, 
        "4": {
            "0": 68.63891137387853, 
            "1": 61.6933158788149, 
            "2": 99.89119980301726, 
            "3": 55.72723361121016, 
            "5": 41.61778153282297, 
            "6": 26.983806022569205, 
            "7": 84.89183198181549, 
            "8": 13.7898408777085
        }, 
        "5": {
            "0": 34.48364284068611, 
            "1": 60.57111304849911, 
            "2": 85.64530416726465, 
            "3": 48.11621451416134, 
            "4": 41.61778153282297, 
            "6": 23.831560257921694, 
            "7": 76.30369722913626, 
            "8": 43.26495551457263
        }, 
        "6": {
            "0": 57.90545423818875, 
            "1": 71.99814496150813, 
            "2": 103.85610466501973, 
            "3": 61.769858651744705, 
            "4": 26.983806022569205, 
            "5": 23.831560257921694, 
            "7": 91.91054800086843, 
            "8": 35.93498228639834
        }, 
        "7": {
            "0": 55.53079917811069, 
            "1": 23.98468996304448, 
            "2": 17.473672975835218, 
            "3": 30.275187656073875, 
            "4": 84.89183198181549, 
            "5": 76.30369722913626, 
            "6": 91.91054800086843, 
            "8": 72.47232772618851
        }, 
        "8": {
            "0": 63.89369681782877, 
            "1": 48.84501862281395, 
            "2": 88.11573448055208, 
            "3": 44.389663202064234, 
            "4": 13.7898408777085, 
            "5": 43.26495551457263, 
            "6": 35.93498228639834, 
            "7": 72.47232772618851
        }
    }, 
    "name": "9 randomly located towns.", 
    "optimal_path": [
        3, 
        8, 
        4, 
        6, 
        5, 
        0, 
        2, 
        7, 
        1
    ]
}