{
    "cities": [
        [
            68.16207657488565, 
            20.336398332874417
        ], 
        [
            13.546251859188175, 
            99.5946516364232
        ], 
        [
            75.85006919788931, 
            41.53175649650088
        ], 
        [
            60.04195974709119, 
            57.73201194040123
        ], 
        [
            82.62420775239893, 
            79.76748403522613
        ], 
        [
            99.06446609300956, 
            25.813967504662084
        ], 
        [
            66.39347830244283, 
            66.8469446972757
        ]
    ], 
    "distances": {
        "0": {
            "1": 96.2536182494211, 
            "2": 22.546583738024832, 
            "3": 38.267064355401956, 
            "4": 61.16540840994914, 
            "5": 31.384095366308923, 
            "6": 46.5441603529853
        }, 
        "1": {
            "0": 96.2536182494211, 
            "2": 85.1649308518703, 
            "3": 62.56461823040368, 
            "4": 71.86710349993471, 
            "5": 112.94668794033969, 
            "6": 62.17106764819889
        }, 
        "2": {
            "0": 22.546583738024832, 
            "1": 85.1649308518703, 
            "3": 22.635030392204815, 
            "4": 38.83117064384392, 
            "5": 28.034926680769782, 
            "6": 27.023801823660747
        }, 
        "3": {
            "0": 38.267064355401956, 
            "1": 62.56461823040368, 
            "2": 22.635030392204815, 
            "4": 31.551861362129372, 
            "5": 50.413466079204056, 
            "6": 11.109625876748481
        }, 
        "4": {
            "0": 61.16540840994914, 
            "1": 71.86710349993471, 
            "2": 38.83117064384392, 
            "3": 31.551861362129372, 
            "5": 56.40269532850239, 
            "6": 20.7455275965977
        }, 
        "5": {
            "0": 31.384095366308923, 
            "1": 112.94668794033969, 
            "2": 28.034926680769782, 
            "3": 50.413466079204056, 
            "4": 56.40269532850239, 
            "6": 52.450916679319434
        }, 
        "6": {
            "0": 46.5441603529853, 
            "1": 62.17106764819889, 
            "2": 27.023801823660747, 
            "3": 11.109625876748481, 
            "4": 20.7455275965977, 
            "5": 52.450916679319434
        }
    }, 
    "name": "7 randomly located towns.", 
    "optimal_path": [
        5, 
        0, 
        2, 
        3, 
        6, 
        1, 
        4
    ]
}