{
    "cities": [
        [
            69.29522528762435, 
            3.2597530109089057
        ], 
        [
            53.87317448168907, 
            73.72347115352954
        ]
    ], 
    "distances": {
        "0": {
            "1": 72.13165203669976
        }, 
        "1": {
            "0": 72.13165203669976
        }
    }, 
    "name": "2 randomly located towns.", 
    "optimal_path": [
        0, 
        1
    ]
}