{
    "cities": [
        [
            55.61159574103043, 
            57.5123985430386
        ], 
        [
            91.31415638492756, 
            17.765512092604485
        ], 
        [
            98.53126270048637, 
            6.943297375239387
        ], 
        [
            26.203339889731758, 
            61.82899043702095
        ], 
        [
            29.457618195899805, 
            5.416753537929808
        ], 
        [
            26.197728116787555, 
            25.725236136372885
        ], 
        [
            81.0740769186431, 
            89.98080677582932
        ], 
        [
            86.03135004738598, 
            92.7077652533578
        ]
    ], 
    "distances": {
        "0": {
            "1": 53.42740700272525, 
            "2": 66.32745890526581, 
            "3": 29.72336585574784, 
            "4": 58.292253086748275, 
            "5": 43.30818978535382, 
            "6": 41.26179202229869, 
            "7": 46.519622633173654
        }, 
        "1": {
            "0": 53.42740700272525, 
            "2": 13.007957370733983, 
            "3": 78.61939041025387, 
            "4": 63.07712069024949, 
            "5": 65.60111612810232, 
            "6": 72.9376995363908, 
            "7": 75.12821940928995
        }, 
        "2": {
            "0": 66.32745890526581, 
            "1": 13.007957370733983, 
            "3": 90.79519657443655, 
            "4": 69.09051093481092, 
            "5": 74.73219820798877, 
            "6": 84.85270356844768, 
            "7": 86.67059343717422
        }, 
        "3": {
            "0": 29.72336585574784, 
            "1": 78.61939041025387, 
            "2": 90.79519657443655, 
            "4": 56.50602445096607, 
            "5": 36.103754736779926, 
            "6": 61.671083542207526, 
            "7": 67.32673713750293
        }, 
        "4": {
            "0": 58.292253086748275, 
            "1": 63.07712069024949, 
            "2": 69.09051093481092, 
            "3": 56.50602445096607, 
            "5": 20.568455186988636, 
            "6": 99.07238722822301, 
            "7": 104.02070881274963
        }, 
        "5": {
            "0": 43.30818978535382, 
            "1": 65.60111612810232, 
            "2": 74.73219820798877, 
            "3": 36.103754736779926, 
            "4": 20.568455186988636, 
            "6": 84.49965689886018, 
            "7": 89.81492927259656
        }, 
        "6": {
            "0": 41.26179202229869, 
            "1": 72.9376995363908, 
            "2": 84.85270356844768, 
            "3": 61.671083542207526, 
            "4": 99.07238722822301, 
            "5": 84.49965689886018, 
            "7": 5.657814013479122
        }, 
        "7": {
            "0": 46.519622633173654, 
            "1": 75.12821940928995, 
            "2": 86.67059343717422, 
            "3": 67.32673713750293, 
            "4": 104.02070881274963, 
            "5": 89.81492927259656, 
            "6": 5.657814013479122
        }
    }, 
    "name": "8 randomly located towns.", 
    "optimal_path": [
        5, 
        3, 
        0, 
        6, 
        7, 
        1, 
        2, 
        4
    ]
}