{
    "cities": [
        [
            22.621170313183804, 
            38.060819248974276
        ], 
        [
            69.12571440103305, 
            94.56137379365013
        ], 
        [
            20.271871140904395, 
            13.758487800805764
        ], 
        [
            11.526716003775473, 
            53.830584744646906
        ], 
        [
            59.28943876256688, 
            31.894611512495818
        ], 
        [
            95.54407377401198, 
            29.11011222274258
        ], 
        [
            97.88596495628266, 
            27.12653720440844
        ], 
        [
            87.72068659740899, 
            81.00732247681675
        ], 
        [
            25.227922080022758, 
            27.876949287854625
        ], 
        [
            75.67992977849774, 
            42.374234013433835
        ], 
        [
            65.53276991030646, 
            45.553301243005265
        ]
    ], 
    "distances": {
        "0": {
            "1": 73.17776496091285, 
            "2": 24.415620418443456, 
            "3": 19.281400888214947, 
            "4": 37.18311483624562, 
            "5": 73.47016404927035, 
            "6": 76.0549001478403, 
            "7": 77.98941697396631, 
            "8": 10.512200633497878, 
            "9": 53.23380038028751, 
            "10": 43.56079276614069
        }, 
        "1": {
            "0": 73.17776496091285, 
            "2": 94.42353724605863, 
            "3": 70.54531729974487, 
            "4": 63.43402409778674, 
            "5": 70.58184860984602, 
            "6": 73.31172619587173, 
            "7": 23.010547539842392, 
            "8": 79.83626145009353, 
            "9": 52.597103510117634, 
            "10": 49.13960139482934
        }, 
        "2": {
            "0": 24.415620418443456, 
            "1": 94.42353724605863, 
            "3": 41.01524950367918, 
            "4": 43.02661462858461, 
            "5": 76.82172128787414, 
            "6": 78.75691908422714, 
            "7": 95.24572679006167, 
            "8": 14.963067722643574, 
            "9": 62.36115692714913, 
            "10": 55.31237763139758
        }, 
        "3": {
            "0": 19.281400888214947, 
            "1": 70.54531729974487, 
            "2": 41.01524950367918, 
            "4": 52.55915340808697, 
            "5": 87.5786399095016, 
            "6": 90.39372785029074, 
            "7": 80.89558843711214, 
            "8": 29.348155672339292, 
            "9": 65.16811190836957, 
            "10": 54.63668438624071
        }, 
        "4": {
            "0": 37.18311483624562, 
            "1": 63.43402409778674, 
            "2": 43.02661462858461, 
            "3": 52.55915340808697, 
            "5": 36.36140806002618, 
            "6": 38.8899262898457, 
            "7": 56.7485174406446, 
            "8": 34.297646106789024, 
            "9": 19.454323003010835, 
            "10": 15.017955552426548
        }, 
        "5": {
            "0": 73.47016404927035, 
            "1": 70.58184860984602, 
            "2": 76.82172128787414, 
            "3": 87.5786399095016, 
            "4": 36.36140806002618, 
            "6": 3.069042874082484, 
            "7": 52.48357666042415, 
            "8": 70.32696410251252, 
            "9": 23.885584429793948, 
            "10": 34.22070754317849
        }, 
        "6": {
            "0": 76.0549001478403, 
            "1": 73.31172619587173, 
            "2": 78.75691908422714, 
            "3": 90.39372785029074, 
            "4": 38.8899262898457, 
            "5": 3.069042874082484, 
            "7": 54.83130406697217, 
            "8": 72.66191789997981, 
            "9": 26.936968209079968, 
            "10": 37.23271226511849
        }, 
        "7": {
            "0": 77.98941697396631, 
            "1": 23.010547539842392, 
            "2": 95.24572679006167, 
            "3": 80.89558843711214, 
            "4": 56.7485174406446, 
            "5": 52.48357666042415, 
            "6": 54.83130406697217, 
            "8": 82.02549708611264, 
            "9": 40.46597767250568, 
            "10": 41.82452950794974
        }, 
        "8": {
            "0": 10.512200633497878, 
            "1": 79.83626145009353, 
            "2": 14.963067722643574, 
            "3": 29.348155672339292, 
            "4": 34.297646106789024, 
            "5": 70.32696410251252, 
            "6": 72.66191789997981, 
            "7": 82.02549708611264, 
            "9": 52.493583848137966, 
            "10": 44.01061436818035
        }, 
        "9": {
            "0": 53.23380038028751, 
            "1": 52.597103510117634, 
            "2": 62.36115692714913, 
            "3": 65.16811190836957, 
            "4": 19.454323003010835, 
            "5": 23.885584429793948, 
            "6": 26.936968209079968, 
            "7": 40.46597767250568, 
            "8": 52.493583848137966, 
            "10": 10.633499980757355
        }, 
        "10": {
            "0": 43.56079276614069, 
            "1": 49.13960139482934, 
            "2": 55.31237763139758, 
            "3": 54.63668438624071, 
            "4": 15.017955552426548, 
            "5": 34.22070754317849, 
            "6": 37.23271226511849, 
            "7": 41.82452950794974, 
            "8": 44.01061436818035, 
            "9": 10.633499980757355
        }
    }, 
    "name": "11 randomly located towns.", 
    "optimal_path": [
        4, 
        2, 
        8, 
        0, 
        3, 
        1, 
        7, 
        6, 
        5, 
        9, 
        10
    ]
}