{
    "cities": [
        [
            35.94033990369241, 
            29.181050515969776
        ], 
        [
            29.779609609877113, 
            42.54436777258827
        ], 
        [
            71.64305087314116, 
            30.37679074978271
        ]
    ], 
    "distances": {
        "0": {
            "1": 14.715055074792314, 
            "2": 35.722728972948794
        }, 
        "1": {
            "0": 14.715055074792314, 
            "2": 43.595844354808236
        }, 
        "2": {
            "0": 35.722728972948794, 
            "1": 43.595844354808236
        }
    }, 
    "name": "3 randomly located towns.", 
    "optimal_path": [
        0, 
        1, 
        2
    ]
}