{
    "cities": [
        [
            65.65036385534503, 
            2.8583636603779605
        ], 
        [
            4.970560068922425, 
            74.12196942651757
        ], 
        [
            72.0520569839247, 
            62.069498212042795
        ], 
        [
            92.8552942792636, 
            97.38411292642486
        ], 
        [
            60.89267822371761, 
            34.495361480956824
        ]
    ], 
    "distances": {
        "0": {
            "1": 93.5977568873876, 
            "2": 59.5561930432752, 
            "3": 98.36272420829863, 
            "4": 31.992736733025914
        }, 
        "1": {
            "0": 93.5977568873876, 
            "2": 68.155625525214, 
            "3": 90.91124147998747, 
            "4": 68.53868510695293
        }, 
        "2": {
            "0": 59.5561930432752, 
            "1": 68.155625525214, 
            "3": 40.98654284507819, 
            "4": 29.746676298006566
        }, 
        "3": {
            "0": 98.36272420829863, 
            "1": 90.91124147998747, 
            "2": 40.98654284507819, 
            "4": 70.54504861068638
        }, 
        "4": {
            "0": 31.992736733025914, 
            "1": 68.53868510695293, 
            "2": 29.746676298006566, 
            "3": 70.54504861068638
        }
    }, 
    "name": "5 randomly located towns.", 
    "optimal_path": [
        4, 
        0, 
        1, 
        3, 
        2
    ]
}